alert,commit,repo_name,file_name_x,is_clean,is_refactor,added_functions,is_refactor_label,is_clean_label,reduced_McCabe_max_label,mostly_delete,massive_change
too-many-branches,4106bd35d2c8bd8cf66dff5427d2c7349dc8f45c,CanalTP/navitia,source/jormungandr/jormungandr/scenarios/helper_classes/fallback_durations.py,,True,8.0,,,,,
too-many-branches,325ecd94b17ae05b453a21564afa11b9580e4510,DiCarloLab-Delft/PycQED_py3,pycqed/instrument_drivers/meta_instrument/LutMans/ro_lutman.py,,False,0.0,,,,,
too-many-branches,f30aa02c1b5687bb302cd6783534e426a6fd5ae6,DiCarloLab-Delft/PycQED_py3,pycqed/instrument_drivers/meta_instrument/LutMans/ro_lutman.py,,False,0.0,,,,,
too-many-branches,67d8d0f176137bda8efe84ae36d6495b5debe7c7,DiCarloLab-Delft/PycQED_py3,pycqed/instrument_drivers/meta_instrument/LutMans/ro_lutman.py,,False,0.0,,,,,
too-many-branches,f6414dbb3eb1b598a58ae7c0e0a29422ee403165,DiCarloLab-Delft/PycQED_py3,pycqed/instrument_drivers/meta_instrument/LutMans/ro_lutman.py,,False,0.0,,,,,
too-many-branches,f6fa9813c3d18e7d1986cf8a2f0aaa1249ce5d21,EducationalTestingService/rsmtool,rsmtool/writer.py,,True,1.0,,,,,
too-many-branches,b86256ce9d2582a147f13ef10fd800dda89f0d4e,EducationalTestingService/rsmtool,rsmtool/writer.py,,False,0.0,,,,,
too-many-branches,634f6ec4eb9997d7bd0f8209fad49a4171d42384,ElementsProject/elements,contrib/devtools/security-check.py,,False,0.0,,,,,
too-many-branches,3d425cfe0a87d4fbf85dc624ca5ea0c46b51923d,Fizzadar/pyinfra,pyinfra/api/state.py,,False,0.0,,,,,
too-many-branches,bab4b0b30526eecaf947c1ff4c5a8b957c03044b,Giswater/giswater_qgis_plugin,core/threads/project_layers_config.py,,False,0.0,,,,,
too-many-branches,dc2d39b66f9b46d49d056a8e9afffb49af606595,GoogleCloudPlatform/gcpdiag,gcpdiag/lint/command.py,,True,2.0,,,,,
too-many-branches,ac8df90b18c1cc6c555be22039a1cffe4541c518,HaroldMills/Vesper,vesper/command/detect_command.py,,False,0.0,,,,,
too-many-branches,f9475c5168592259642adf600f288afae7190dcf,HumanCompatibleAI/imitation,src/imitation/scripts/train_preference_comparisons.py,,False,0.0,,,,,
too-many-branches,d281fddb84fd5f18d4f7754aa44791a9806577bc,JamesPHoughton/pysd,pysd/py_backend/statefuls.py,,False,0.0,,,,,
too-many-branches,99fc98289551c67746926d2ed61864ad9b96af42,Keeper-Security/Commander,keepercommander/yubikey/yubikey.py,,False,0.0,,,,,
too-many-branches,da0c4dc4213bade7f5f7c277ce718319f4a0901b,Maselkov/GW2Bot,guildwars2/commerce.py,,True,1.0,,,,,
too-many-branches,da0c4dc4213bade7f5f7c277ce718319f4a0901b,Maselkov/GW2Bot,guildwars2/wallet.py,,True,1.0,,,,,
too-many-branches,cb5b7a85259ab35f1ecde720089b273ed96cdc09,NeuralEnsemble/python-neo,neo/rawio/spikeglxrawio.py,,True,1.0,,,,,
too-many-branches,352662a370b50ab4b0e7f159a395045f1fa01d68,Neutree/COMTool,COMTool/plugins/base.py,,False,0.0,,,,,
too-many-branches,bc60f5327b1d061f7589cfb7b8da3f62a4c2337c,Nitrate/Nitrate,src/tcms/core/utils.py,,False,0.0,,,,,
too-many-branches,eb707db04caab1f80a39a676eb02518f23703b6f,OCA/l10n-romania,l10n_ro_stock_account/models/stock_move.py,,False,0.0,,,,,
too-many-branches,6eeb8d5d793650edf0296fa6cdf59ed41a783c6f,PMEAL/OpenPNM,openpnm/io/_dict.py,,False,0.0,,,,,
too-many-branches,8036f7d6eac1e5a16e86fb14ff11c2fc39fefe84,PMEAL/OpenPNM,openpnm/core/_models.py,,True,1.0,,,,,
too-many-branches,d3c763285343a307f204e5e5fe5ffabbf070f73c,PyCQA/pylint,pylint/utils/file_state.py,,True,1.0,,,,,
too-many-branches,92d1b4cd2b8cda4bb7f9c39acbf868ee66afaec0,Rapptz/discord.py,discord/interactions.py,,False,0.0,,,,,
too-many-branches,cf26d0659afaadb29e60efe8ea31c612edfe18a0,VROOM-Project/vroom-scripts,src/plot.py,,False,0.0,,,,,
too-many-branches,e20d18eb697c3158e9a6194c77b6ce11c8c72982,acorg/dark-matter,dark/consensus.py,,True,1.0,,,,,
too-many-branches,c77636a76d68ffa1bc7dbd41edc522e523b909b8,acq4/acq4,acq4/modules/DataManager/FileInfoView.py,,True,24.0,,,,,
too-many-branches,951c23d29459023b44ef1154811c20537552a2cc,adbar/htmldate,htmldate/utils.py,,True,1.0,,,,,
too-many-branches,ff97c2fd5c45149579686f293123b98d3cbd13aa,aiven/aiven-client,aiven/client/argx.py,,True,1.0,,,,,
too-many-branches,f257b6bc888ae25afafaab00541fa548d4d5e397,akrherz/pyIEM,src/pyiem/windrose_utils.py,,True,1.0,,,,,
too-many-branches,37408c40b501a493df7553768bd143f458c310e2,all-of-us/raw-data-repository,rdr_service/services/consent/validation.py,,False,0.0,,,,,
too-many-branches,6f445ca6e5c9c8b85ccc5062e00508c69ca26fde,ansible/ansible,lib/ansible/utils/display.py,,False,0.0,,,,,
too-many-branches,4c9fb4f32af76a792c500fc76f8bfe4cbafcc9ec,arviz-devs/arviz,arviz/plots/traceplot.py,,False,0.0,,,,,
too-many-branches,422c00b3cc24f3983bea283396bff0195374dcc3,arviz-devs/arviz,arviz/plots/kdeplot.py,,False,0.0,,,,,
too-many-branches,422c00b3cc24f3983bea283396bff0195374dcc3,arviz-devs/arviz,arviz/plots/traceplot.py,,False,0.0,,,,,
too-many-branches,2737cb56940079bb98e2e5a9a14b56c9f9627b36,astropy/photutils,photutils/segmentation/detect.py,,False,0.0,,,,,
too-many-branches,52bca194c61d6c60402c4af19b64d1d65ecf4ca8,bazelbuild/bazel,tools/build_defs/pkg/archive.py,,False,0.0,,,,,
too-many-branches,a2766230f319155548b53d6d0672b79b150c6702,bazelbuild/bazel,tools/build_defs/pkg/build_tar.py,,False,0.0,,,,,
too-many-branches,3c008a5adc4d6c766516a18b368105386acc937c,benvanwerkhoven/kernel_tuner,kernel_tuner/strategies/hillclimbers.py,,False,0.0,,,,,
too-many-branches,4e4313df6ae7011f6adef3f10f50d594879e040e,benvanwerkhoven/kernel_tuner,kernel_tuner/strategies/hillclimbers.py,,True,2.0,,,,,
too-many-branches,b1f93635e5f74306795e856e580bf0a0e750194f,bl4de/security-tools,pef/pef.py,,False,0.0,,,,,
too-many-branches,e11af341069e5a822d855f9ff808ef288e624b99,bundlewrap/bundlewrap,bundlewrap/metadata.py,,True,1.0,,,,,
too-many-branches,930212befd67a390976fd9dfc5211aacb4446534,catapult-project/catapult,dashboard/dashboard/pinpoint/models/quest/read_value.py,,False,0.0,,,,,
too-many-branches,e999681ef89091d15a27b9dc74ae24b799db282a,catapult-project/catapult,dashboard/dashboard/pinpoint/models/quest/read_value.py,,True,3.0,,,,,
too-many-branches,5f1b46a580a9a1de531c5bee72e0e95cf78b31d1,catkin/catkin_tools,catkin_tools/verbs/catkin_create/cli.py,,False,0.0,,,,,
too-many-branches,b54655a55feb3d98dbad7e23965d953d8326186d,coreboot/chrome-ec,zephyr/zmake/zmake/zmake.py,,True,1.0,,,,,
too-many-branches,73bf1e22d61d14a4fbd6336d569b9149fbf48e94,couchbase/couchbase-python-client,couchbase/exceptions.py,,True,6.0,,,,,
too-many-branches,c9d2394c02f6c1870eb1737cc643dc786a93ef75,dart-lang/sdk,tools/linux_dist_support/create_debian_packages.py,,False,0.0,,,,,
too-many-branches,662a3ce7befdc5f3bb17186ca5f9a9d8aa4f522a,deepmind/dm_control,dm_control/autowrap/binding_generator.py,,False,0.0,,,,,
too-many-branches,662a3ce7befdc5f3bb17186ca5f9a9d8aa4f522a,deepmind/dm_control,dm_control/autowrap/autowrap.py,,False,0.0,,,,,
too-many-branches,dfef91d5570760677223516e0fe6564afa147539,demisto/content,Packs/Cybersixgill-ActionableAlerts/Integrations/CybersixgillActionableAlerts/CybersixgillActionableAlerts.py,,True,2.0,,,,,
too-many-branches,9c042e321deba1521eb6a74a0e06a4248db2c34f,dwavesystems/dimod,dimod/sampleset.py,,True,5.0,,,,,
too-many-branches,f12c218b51953037b037ff439a091022a64ffdba,ewerybody/a2,ui/a2modsource.py,,True,2.0,,,,,
too-many-branches,b75e67177f19bbee3004a22968b237e3c8017190,ewerybody/a2,ui/a2modsource.py,,True,4.0,,,,,
too-many-branches,51f4ae23c75dfac83d8d22a6a197a94f126a92d2,fabioz/PyDev.Debugger,_pydevd_bundle/pydevd_safe_repr.py,,False,0.0,,,,,
too-many-branches,47e298499ef19563bb2ef5941a57046a35ae6868,fabioz/PyDev.Debugger,pydev_coverage.py,,False,0.0,,,,,
too-many-branches,51f4ae23c75dfac83d8d22a6a197a94f126a92d2,fabioz/PyDev.Debugger,_pydevd_bundle/pydevd_net_command.py,,False,0.0,,,,,
too-many-branches,89c9e747e052957de792eef2127b6574db1aa2be,fabioz/Pydev,plugins/org.python.pydev.core/pysrc/_pydevd_bundle/pydevd_net_command.py,,False,0.0,,,,,
too-many-branches,89c9e747e052957de792eef2127b6574db1aa2be,fabioz/Pydev,plugins/org.python.pydev.core/pysrc/_pydevd_bundle/pydevd_safe_repr.py,,False,0.0,,,,,
too-many-branches,86af32cce78906d1e5a3abb65d35da4f7a75d487,fabioz/Pydev,plugins/org.python.pydev.core/pysrc/pydev_coverage.py,,False,0.0,,,,,
too-many-branches,2365d8b9b5e8f1054c575818bf4a1684d2f9d121,facelessuser/ColorHelper,lib/coloraide/spaces/srgb/css.py,,False,0.0,,,,,
too-many-branches,c3219ebad1cac35afc04cc051c9e215c70cd1e9b,frappe/erpnext,erpnext/accounts/report/sales_register/sales_register.py,,False,0.0,,,,,
too-many-branches,8b35d0545287d8778f9fcc6f4a27e9f3ccab84d7,gajim/gajim,gajim/gtk/search_view.py,,False,0.0,,,,,
too-many-branches,2bad443e7476b8878a5cb80118dc0b41150e11cc,gboeing/osmnx,osmnx/elevation.py,,False,0.0,,,,,
too-many-branches,561670c802ca9f377a312c8c57edbf783b98d1bb,genialis/resolwe-bio,resolwe_bio/processes/reads_processing/markduplicates.py,,False,0.0,,,,,
too-many-branches,e7ba381b77d24cdfbd1a1a8df9acd02db8e81e54,giampaolo/psutil,scripts/internal/git_pre_commit.py,,True,5.0,,,,,
too-many-branches,54c0648bd1d7552d27c577d65f70c25023001071,giampaolo/psutil,scripts/internal/git_pre_commit.py,,False,0.0,,,,,
too-many-branches,e86d4299e2d0b688e1f9cb2d3b0dfe9c13eb1f07,gkunter/coquery,coquery/gui/contextviewer.py,,True,1.0,,,,,
too-many-branches,72bd21eca599b915283ebd2e3a6c3e86c96b2331,google/qkeras,qkeras/qtools/qenergy/qenergy.py,,False,0.0,,,,,
too-many-branches,39dc01d9a832b7661aa06dd3600b052756d3fcf4,google/qkeras,qkeras/qtools/interface.py,,False,0.0,,,,,
too-many-branches,2e1cc9a946e1d4db68560c7f5488c00750f418b2,google/skia,infra/bots/recipe_modules/checkout/api.py,,False,0.0,,,,,
too-many-branches,4fcab02e8109896841f160678d7db552ad9dab4f,google/turbinia,turbinia/workers/partitions.py,,True,1.0,,,,,
too-many-branches,4ddc426a6b4b8cd319fa885e363c94b35ef777d9,googleapis/python-aiplatform,google/cloud/aiplatform_v1beta1/services/prediction_service/client.py,,False,0.0,,,,,
too-many-branches,4ddc426a6b4b8cd319fa885e363c94b35ef777d9,googleapis/python-aiplatform,google/cloud/aiplatform_v1beta1/services/specialist_pool_service/client.py,,False,0.0,,,,,
too-many-branches,875c157018d1d8c73557b0ca921b5743b4d31ded,gridsync/gridsync,gridsync/monitor.py,,False,0.0,,,,,
too-many-branches,e98237cf9e59e64668629df0d0da600848d74df6,gridsync/gridsync,gridsync/monitor.py,,False,0.0,,,,,
too-many-branches,e1a81a5e9a13a3bab43e7a2cf9725a9613974847,gridsync/gridsync,gridsync/monitor.py,,True,2.0,,,,,
too-many-branches,9e1c987b89fb3e36341d0e7a85d0bedf8c6c9fd7,gridsync/gridsync,gridsync/monitor.py,,False,0.0,,,,,
too-many-branches,290f8263c40b52c8a79ee152e16c87e7f5983a9c,gridsync/gridsync,gridsync/monitor.py,,False,0.0,,,,,
too-many-branches,8d225b5c1b1da66025e1beaafd512966aed8dc45,guardicore/monkey,monkey/infection_monkey/main.py,,False,0.0,,,,,
too-many-branches,319cbbe19153d935f1e706b9bb2e9a294defe9e5,huggingface/transformers,src/transformers/models/deberta_v2/modeling_tf_deberta_v2.py,,False,0.0,,,,,
too-many-branches,fa84384897ed504c981af6dcc0d73ec180cb1002,hyperspy/hyperspy,hyperspy/_components/power_law.py,,False,0.0,,,,,
too-many-branches,6482376e847e0336595d9e78a56f393d4eee27b7,indico/indico,indico/modules/auth/controllers.py,,True,1.0,,,,,
too-many-branches,5075b0825ba34972f87ca7b1f576a7eff37a4117,isard-vdi/isard,api/src/api/views/VpnViews.py,,False,0.0,,,,,
too-many-branches,728eedd0e9497dcc23f0171d9ecbc5ef2d9e97fa,isard-vdi/isard,api/src/api/libv2/api_users.py,,False,0.0,,,,,
too-many-branches,73f16b09b7032a855cd7c71f115ae25f756dc212,isard-vdi/isard,api/src/api/libv2/api_desktops_persistent.py,,True,1.0,,,,,
too-many-branches,d0ea9310fd387e1714be57ad992c487f87e320ba,isard-vdi/isard,api/src/api/views/DesktopsPersistentView.py,,False,0.0,,,,,
too-many-branches,a0709483e0af5dfe36d592b1c4f78a423428c228,jeremiah-c-leary/vhdl-style-guide,vsg/rules/block_comment/rule_002.py,,True,3.0,,,,,
too-many-branches,ab566beed24815c1dc3bc34f8a8eadb76062c88f,jeremiah-c-leary/vhdl-style-guide,vsg/vhdlFile/code_tags.py,,True,9.0,,,,,
too-many-branches,41b0a3704fc9e916294547ea0350a6d37104048a,jeremiah-c-leary/vhdl-style-guide,vsg/rules/constant/rule_014.py,,True,2.0,,,,,
too-many-branches,c2014549a7c0b9c0a9d90039ce40fbfc98b1e7e0,jeremiah-c-leary/vhdl-style-guide,vsg/vhdlFile/classify/name.py,,False,0.0,,,,,
too-many-branches,a0709483e0af5dfe36d592b1c4f78a423428c228,jeremiah-c-leary/vhdl-style-guide,vsg/rules/block_comment/rule_003.py,,True,3.0,,,,,
too-many-branches,8116f18c87fb09d11c1127869d79cbc2fa1c89f0,kizniche/Mycodo,mycodo/utils/pid_controller_default.py,,False,0.0,,,,,
too-many-branches,f5d76adb10f371001a8204dd399b73c89d6faa3d,kobotoolbox/kobocat,onadata/apps/logger/views.py,,False,0.0,,,,,
too-many-branches,00fbe414333793e2107441086f639070654e2111,lablup/backend.ai-manager,src/ai/backend/manager/config.py,,False,0.0,,,,,
too-many-branches,11142c548ee91c37c8819a2f5e81b65f78eac873,ligo-cbc/pycbc,pycbc/workflow/tmpltbank.py,,False,0.0,,,,,
too-many-branches,8a86289875a71f6a4978f6bceea6ef7bf1c00f3f,lnls-fac/pyaccel,pyaccel/lattice.py,,True,1.0,,,,,
too-many-branches,787095948c63633702b64cb9fa34a601258f22ca,lowRISC/opentitan,hw/ip/otbn/dv/otbnsim/sim/state.py,,True,2.0,,,,,
too-many-branches,b8701860288cf9ddf9f6512d9f85f9e427173a4f,lutris/lutris,lutris/game.py,,False,0.0,,,,,
too-many-branches,d32b45c7c125d2dafee066f76fc394bddfe48710,lutris/lutris,lutris/game.py,,False,0.0,,,,,
too-many-branches,79d78a291ef912795f3841f35d6d8c45bb74587c,lutris/lutris,lutris/game.py,,False,0.0,,,,,
too-many-branches,d7151f04c640815648bc7fa6713c65f234ecc3b7,lutris/lutris,lutris/services/gog.py,,False,0.0,,,,,
too-many-branches,9268047c9763a58a4985b51a01b516c8823591db,mapillary/OpenSfM,opensfm/exif.py,,False,0.0,,,,,
too-many-branches,70657d08ff2a60badf2b99ec0475ce7cef54a278,mariolukas/FabScanPi-Server,src/fabscan/scanner/laserscanner/FSCalibrationActor.py,,True,2.0,,,,,
too-many-branches,acda9f07c858902ab072d49f6ad3e26df874d06e,matrix-org/synapse,synapse/rest/client/push_rule.py,,False,0.0,,,,,
too-many-branches,a8db8c6eba8625f8fc224b320be6074d849ceada,matrix-org/synapse,synapse/rest/client/sync.py,,False,0.0,,,,,
too-many-branches,ee8c90701d8c8e909f11eabe7fa4d79929c3c33f,mdiller/MangoByte,cogs/admin.py,,False,0.0,,,,,
too-many-branches,7987ffadb63deb6abd6ea80d849508169ca105f9,metabrainz/acousticbrainz-server,db/dump.py,,False,0.0,,,,,
too-many-branches,3c419eb150ea7bd70a91431c82ccd1e6d5c28b56,metabrainz/acousticbrainz-server,db/dump.py,,False,0.0,,,,,
too-many-branches,2431dff25f853fa952ce0d0efe8c2d7330c244d6,metabrainz/acousticbrainz-server,db/dump.py,,False,0.0,,,,,
too-many-branches,b8c8a5cf06df0151013c68491767f370521c4902,metabrainz/acousticbrainz-server,db/dump.py,,False,0.0,,,,,
too-many-branches,0eb3ef684ef65fa7743d55ecd31b159a0ac2bd3f,metabrainz/listenbrainz-server,listenbrainz/listenstore/timescale_utils.py,,True,2.0,,,,,
too-many-branches,a8b9f401b41ec19c6887caa11dabc1fff243f39f,metabrainz/listenbrainz-server,listenbrainz/db/dump.py,,False,0.0,,,,,
too-many-branches,804836d2c96c191047844e7bf2a5998a3442cd03,metabrainz/listenbrainz-server,listenbrainz/db/dump.py,,False,0.0,,,,,
too-many-branches,941eab5e4d0883406afd43b075c45518bd2bf57c,minio/howto,sphinxext/minio.py,,False,0.0,,,,,
too-many-branches,74e55a6dedd0089d5790c9691ba93327c4ddeae0,minio/howto,sphinxext/minio.py,,True,1.0,,,,,
too-many-branches,de6603824e1ac7d9cdf925acb0f9fff073991332,mlflow/mlflow,mlflow/utils/search_utils.py,,True,5.0,,,,,
too-many-branches,e2150ede1cfbdb44ad64268623a3d55ed87a1702,mne-tools/mne-python,mne/beamformer/_lcmv.py,,True,1.0,,,,,
too-many-branches,62143cbeb12a822e08833941c4e0f1d450d35240,mne-tools/mne-python,mne/parallel.py,,True,1.0,,,,,
too-many-branches,a586325c8fee3ef0623e4660795451e08908255e,mozilla-services/tecken,tecken/api/views.py,,True,5.0,,,,,
too-many-branches,4703755e269c76c90555c94276f14370b2b92e5c,mozilla/kitsune,kitsune/questions/forms.py,,False,0.0,,,,,
too-many-branches,5e3c51e593651f0add822a64c7224ef5e476c4da,mozman/ezdxf,src/ezdxf/math/_construct.py,,False,0.0,,,,,
too-many-branches,85ba75defe0e73dd86c00b54745fccf4b5831cc1,mpi4py/mpi4py,conf/cythonize.py,,False,0.0,,,,,
too-many-branches,53791c3c6e0564cb7bbb79a524cedf69db7dc9a0,mrachinskiy/jewelcraft,op_design_report/report_get.py,,False,0.0,,,,,
too-many-branches,0b2db818d2eb0a520b8ccb6d9b265f40f00f21c0,mupif/mupif,mupif/pyroutil.py,,False,0.0,,,,,
too-many-branches,b628572aa0a8d35825acbd1502cdf0b8e1023bbc,opencobra/cobrapy,src/cobra/manipulation/delete.py,,True,1.0,,,,,
too-many-branches,dbcce25d3840a06ea83d5f76ca90d55c2a0ac629,openstack/ironic,ironic/drivers/modules/irmc/inspect.py,,False,0.0,,,,,
too-many-branches,e2db1c7a4032d316e5b655b858b023ace8435cd8,openstack/tacker,tacker/vnfm/infra_drivers/kubernetes/k8s/translate_outputs.py,,True,1.0,,,,,
too-many-branches,ff81bc3c0e5cad8aec461d5bd9a40679362fe20d,openzim/zimfarm,dispatcher/backend/src/utils/offliners.py,,False,0.0,,,,,
too-many-branches,f5052a3bea8bf14e868b29fc314fe4beedc1da56,oppia/oppia,core/controllers/topics_and_skills_dashboard.py,,True,2.0,,,,,
too-many-branches,92acd05d9bd33419ab885e4472b28a1d5cc15d2e,pallets/flask,src/flask/helpers.py,,False,0.0,,,,,
too-many-branches,dcd1a1e0b67cefc5e41d363dad5f57ef9668e965,pallets/flask,src/flask/helpers.py,,True,2.0,,,,,
too-many-branches,b678ecac30c629e215190f6001b3519feb9f1046,pandas-dev/pandas,pandas/core/indexes/period.py,,False,0.0,,,,,
too-many-branches,bbffcb95cf8a9ecc190ed8f467c7e283bc7d50b8,pandas-dev/pandas,pandas/core/indexes/datetimes.py,,False,0.0,,,,,
too-many-branches,c43727711067e474857005cb7669fcec6552cac2,pandas-dev/pandas,pandas/core/indexes/period.py,,False,0.0,,,,,
too-many-branches,59b275c1dc63c5422495cf4d1564b674a32f4d77,pandas-dev/pandas,pandas/core/indexes/period.py,,False,0.0,,,,,
too-many-branches,9a00692ca757a6380b99fd544d25b8d95ab16241,pandas-dev/pandas,pandas/core/indexes/datetimes.py,,False,0.0,,,,,
too-many-branches,9b0ef5d07fb218df4e36e133d69b1ea4c6be43bd,pandas-dev/pandas,pandas/core/indexes/datetimes.py,,True,1.0,,,,,
too-many-branches,9a00692ca757a6380b99fd544d25b8d95ab16241,pandas-dev/pandas,pandas/core/indexes/period.py,,True,3.0,,,,,
too-many-branches,2c629bda26452483bb02457741506f779344750a,pantsbuild/pants,src/python/pants/help/help_printer.py,,True,5.0,,,,,
too-many-branches,5e021322ffe92f541a626288b47ccc4ecfa30988,pantsbuild/pants,src/python/pants/base/specs_parser.py,,False,0.0,,,,,
too-many-branches,c4f9d87bae2f09bfea18141742bae8deaa4748eb,pantsbuild/pants,src/python/pants/core/goals/fmt.py,,False,0.0,,,,,
too-many-branches,3e71bc7896935a8177e9bbe9399769c3522528dc,pantsbuild/pex,pex/jobs.py,,False,0.0,,,,,
too-many-branches,571354901e306900031e9d15572863b3d40f5faf,pauliacomi/pyGAPS,src/pygaps/characterisation/area_bet.py,,False,0.0,,,,,
too-many-branches,bf2c389d2c5fe5889eb705f841a090cf9ba21c20,pauliacomi/pyGAPS,src/pygaps/characterisation/area_bet.py,,True,1.0,,,,,
too-many-branches,127d5ecd3f6620309cbae5c7f34669c265c19ab3,pcolmant/repanier,repanier/views/order_init_ajax.py,,True,1.0,,,,,
too-many-branches,f4062cd6710c04d8ef9f577a278d1f29b7cadc36,pcolmant/repanier,repanier/views/order_init_ajax.py,,False,0.0,,,,,
too-many-branches,021c6f6ebb2defe64e9c4b4800c5f5d1e11c507c,pimutils/khal,khal/settings/utils.py,,False,0.0,,,,,
too-many-branches,f0d00aa4e8a1abc96970e80a6c21f0b0f2b4ac80,psy0rz/zfs_autobackup,zfs_autobackup/ZfsAuto.py,,False,0.0,,,,,
too-many-branches,2ffd3baf772c91b6c8bc699cbef66b4c01c1487a,psy0rz/zfs_autobackup,zfs_autobackup/CmdPipe.py,,True,2.0,,,,,
too-many-branches,14d45667deadd116e7f3f29ecd09bf6d4d3d4599,psy0rz/zfs_autobackup,zfs_autobackup/ZfsAuto.py,,False,0.0,,,,,
too-many-branches,a1fa3e90d768201af8b5589005b5caf81273dabc,pymedusa/Medusa,medusa/issue_submitter.py,,False,0.0,,,,,
too-many-branches,a1fa3e90d768201af8b5589005b5caf81273dabc,pymedusa/Medusa,medusa/server/web/config/general.py,,False,0.0,,,,,
too-many-branches,5d9e033297532ae1a81a3e762ce7250aed5ab269,pyro-ppl/numpyro,numpyro/util.py,,True,1.0,,,,,
too-many-branches,e83b4d3a42ebfae198ac07f32e1f8f5cb90adb7a,pytransitions/transitions,transitions/extensions/nesting.py,,True,5.0,,,,,
too-many-branches,a20bb67a878b2e68abf8268c1b0a27f018d01352,qutebrowser/qutebrowser,qutebrowser/mainwindow/tabwidget.py,,True,3.0,,,,,
too-many-branches,660d313110b9a58149079673687ebbcf9639b083,rackerlabs/django-DefectDojo,dojo/tools/scout_suite/parser.py,,True,2.0,,,,,
too-many-branches,e2a2177c3439b4243dc1c7944a48e4e90d259bc5,rackerlabs/django-DefectDojo,dojo/tools/sarif/parser.py,,True,4.0,,,,,
too-many-branches,e045e93c4e28c7414dcd42fbb6d8311da02ba385,rackerlabs/django-DefectDojo,dojo/management/commands/migrate_authorization_v2.py,,False,0.0,,,,,
too-many-branches,a51e7f9ce7b54387df1f78579d2645df72ac9b8c,rackerlabs/django-DefectDojo,dojo/tools/wpscan/parser.py,,True,1.0,,,,,
too-many-branches,1afc867ba75d6028059ff680c35470c4d6854d91,radiasoft/pykern,pykern/pkunit.py,,True,12.0,,,,,
too-many-branches,19801b2bd3c4d46c4ac05e14d48e6c462588ff0e,rapydo/do,controller/utilities/services.py,,False,0.0,,,,,
too-many-branches,4f86b5b5234a941d9572441a9637c3b959c629a1,ray-project/ray,python/ray/autoscaler/_private/monitor.py,,False,0.0,,,,,
too-many-branches,d83bbda2816b1781eb61342b4539578149eeb686,ray-project/ray,rllib/policy/tf_policy.py,,False,0.0,,,,,
too-many-branches,41dc49a33752b72dbb3cff5cb181b9953e07971f,rwightman/pytorch-image-models,timm/models/vision_transformer.py,,True,7.0,,,,,
too-many-branches,138e0557110ffce4175b7f18a683a939e118790a,scikit-learn/scikit-learn,sklearn/semi_supervised/_self_training.py,,False,0.0,,,,,
too-many-branches,3c75d36c6585b175f29f207c20cced1222b4d1b7,scikit-learn/scikit-learn,sklearn/linear_model/_glm/glm.py,,False,0.0,,,,,
too-many-branches,5690d4225687c01ddb3afbc823d95111d4449201,seleniumbase/SeleniumBase,seleniumbase/core/report_helper.py,,False,0.0,,,,,
too-many-branches,15bb1f1af9c56ecfcdf00d9048b32283e78620f0,sergey-dryabzhinsky/dedupsqlfs,lib-dynload/_recordclass/lib/recordclass/dataclass.py,,False,0.0,,,,,
too-many-branches,2a4d9961b29f3e73a1e0b1c130083acf5bb01a4e,sfepy/sfepy,sfepy/linalg/utils.py,,False,0.0,,,,,
too-many-branches,2996d4078a28f865c9bf339c62b55c914b336815,sosreport/sos,sos/report/plugins/networking.py,,False,0.0,,,,,
too-many-branches,1d57cdaf45e806fc47233d72add126f89023e08a,sosreport/sos,sos/report/plugins/networking.py,,False,0.0,,,,,
too-many-branches,6ebdf50d71aca0fa3e7713ee7a7a0a91bb8cc688,spaam/svtplay-dl,lib/svtplay_dl/service/tv4play.py,,False,0.0,,,,,
too-many-branches,be21f7d695902e7373a4d7fa28e810eb9f2648d9,spaam/svtplay-dl,lib/svtplay_dl/service/tv4play.py,,False,0.0,,,,,
too-many-branches,a4f5cfc91a8904c8fb9c2c60fc06a1cd1b6f5227,spesmilo/electrum,electrum/trampoline.py,,True,3.0,,,,,
too-many-branches,5de95b026ac7474d8edbce20666531388babc912,spulec/moto,moto/server.py,,True,1.0,,,,,
too-many-branches,19fef76a5faa8cc5e6df5e82a40016f8b4ad91f6,spulec/moto,moto/server.py,,True,1.0,,,,,
too-many-branches,c9dd9cc7f9ffe6de600a39fbf028db805ed4a0c2,spulec/moto,moto/server.py,,False,0.0,,,,,
too-many-branches,99284bf65de50db3f628b3835c219cda90b2bd47,sqall01/alertR,sensorClientFIFO/lib/sensor/fifo.py,,False,0.0,,,,,
too-many-branches,ad8cf544236a420808111efeec6122d8a41467e5,streamlink/streamlink,src/streamlink/plugins/rtve.py,,True,12.0,,,,,
too-many-branches,af35bb96d63d3d6563083943b2c0cf4cf8e1644e,syncle/syncle.github.io,script/gen_publication_html.py,,False,0.0,,,,,
too-many-branches,d24a223b8ee7ec85efec00494242ad725d1626de,tensorflow/federated,tensorflow_federated/python/simulation/iterative_process_compositions.py,,True,1.0,,,,,
too-many-branches,60e7c7b541e61e756dbaf7c9051e3dd0c9dd116e,tensorflow/similarity,tensorflow_similarity/evaluators/memory_evaluator.py,,True,4.0,,,,,
too-many-branches,2f068c31f44813a48086cb44a9aea6dae5273371,tensorflow/tensorflow,tensorflow/python/data/ops/multi_device_iterator_ops.py,,False,0.0,,,,,
too-many-branches,958423c72b5ff292173ea06866ba0fd9993684d9,tensorflow/tensorflow,tensorflow/python/eager/backprop.py,,False,0.0,,,,,
too-many-branches,44b255553c556c46bbae31a4019201843a82de7d,tensorflow/tensorflow,tensorflow/python/eager/backprop.py,,True,1.0,,,,,
too-many-branches,86244c1a82a1852d04f3695b03201363f5d5eafd,tweepy/tweepy,tweepy/client.py,,True,7.0,,,,,
too-many-branches,8377b7f7b69ed0716fbe2c2818979a273bcb7567,virt-manager/virt-manager,virtManager/device/addstorage.py,,False,0.0,,,,,
too-many-branches,1357960c8609db04589998b548c8ebd69ad15af0,wagtail/wagtail,wagtail/admin/action_menu.py,,False,0.0,,,,,
too-many-branches,9adfb69e1e0af80a767874f9248416739e72c742,websocket-client/websocket-client,websocket/_http.py,,False,0.0,,,,,
too-many-branches,f75d10d8ce99214e8fa1903e9b6d02eb82546b22,wingtk/gvsbuild,gvsbuild/utils/simple_ui.py,,True,1.0,,,,,
too-many-branches,526b689f25ff2ddd12a8c588d2cb1c4dda8a253b,yeatmanlab/pyAFQ,AFQ/tasks/viz.py,,False,0.0,,,,,
too-many-branches,1b04faf679088a0bab6bd15d9d0d1b965c6a3b06,zentralopensource/zentral,zentral/contrib/inventory/tasks.py,,True,5.0,,,,,
too-many-branches,dc6b51a52d8216d99a4f1650a96434c7816ec385,zephyrproject-rtos/zephyr,scripts/logging/dictionary/log_parser.py,,True,1.0,,,,,
too-many-nested-blocks,4473adbcab7aa770a8bd14a31464d949292f0a50,CalebBell/fluids,fluids/numba.py,,True,1.0,,,,,
too-many-nested-blocks,7048255ba5bb2c85d972c656e2b033211d3541e0,CompassionCH/compassion-modules,sbc_compassion/models/import_letters_history.py,,False,0.0,,,,,
too-many-nested-blocks,f5057eef67be24c0b30700844b90aba1d736ce40,CompassionCH/compassion-modules,sbc_compassion/models/import_letters_history.py,,True,3.0,,,,,
too-many-nested-blocks,bab4b0b30526eecaf947c1ff4c5a8b957c03044b,Giswater/giswater_qgis_plugin,core/threads/project_layers_config.py,,False,0.0,,,,,
too-many-nested-blocks,25febf2b9c25881a7cd4710c9b5a386f36abb03c,Giswater/giswater_qgis_plugin,core/threads/project_layers_config.py,,False,0.0,,,,,
too-many-nested-blocks,6aee38c72e4497b90dbc8c1185940402bd9d5099,JamesJeffryes/MINE-Database,minedatabase/utils.py,,False,0.0,,,,,
too-many-nested-blocks,d5a462e579b46af9669519b147d52fb009621648,MarxMustermann/OfMiceAndMechs,src/itemFolder/manager/cityBuilder2.py,,False,0.0,,,,,
too-many-nested-blocks,7cf6d542abc3430d61a61903a49d5665ae79d7f9,OCA/account-financial-reporting,account_financial_report/report/trial_balance_xlsx.py,,False,0.0,,,,,
too-many-nested-blocks,6eeb8d5d793650edf0296fa6cdf59ed41a783c6f,PMEAL/OpenPNM,openpnm/io/_dict.py,,False,0.0,,,,,
too-many-nested-blocks,b9bc9feb9632a7df58abf6897cf685b0122ad131,PhasesResearchLab/ESPEI,espei/paramselect.py,,True,2.0,,,,,
too-many-nested-blocks,7543d4a44c6d76e539e1a9f3e13d84a229da538e,ToFuProject/tofu,tofu/imas2tofu/_core.py,,False,0.0,,,,,
too-many-nested-blocks,efd500ecc1eb604918da3fc01512c502912771d8,arsenetar/dupeguru,core/directories.py,,False,0.0,,,,,
too-many-nested-blocks,2c5a7417ceb7b87162c0146563b3dc39378ba883,castlecms/castle.cms,castle/cms/cron/_crawler.py,,False,0.0,,,,,
too-many-nested-blocks,d09e27227b73494b718450d09ea796f73f14f51a,cobbler/cobbler,cobbler/cli.py,,True,1.0,,,,,
too-many-nested-blocks,73bf1e22d61d14a4fbd6336d569b9149fbf48e94,couchbase/couchbase-python-client,couchbase/exceptions.py,,True,6.0,,,,,
too-many-nested-blocks,4a12ea88603eafe6b35e6188ca261e5ae01bf43b,dedupeio/dedupe,dedupe/datamodel.py,,False,0.0,,,,,
too-many-nested-blocks,3dadfc9048d804e097ebfe6801802f2c980e04a7,frappe/erpnext,erpnext/accounts/report/profitability_analysis/profitability_analysis.py,,False,0.0,,,,,
too-many-nested-blocks,41b0a3704fc9e916294547ea0350a6d37104048a,jeremiah-c-leary/vhdl-style-guide,vsg/rules/constant/rule_014.py,,True,2.0,,,,,
too-many-nested-blocks,a0709483e0af5dfe36d592b1c4f78a423428c228,jeremiah-c-leary/vhdl-style-guide,vsg/rules/block_comment/rule_002.py,,True,3.0,,,,,
too-many-nested-blocks,e529d316d17138138ce3f63e44eb56d898f9437f,kobotoolbox/formpack,src/formpack/reporting/export.py,,False,0.0,,,,,
too-many-nested-blocks,5680c70616f0c70659d3a8351df090224d29b932,kobotoolbox/formpack,src/formpack/reporting/export.py,,False,0.0,,,,,
too-many-nested-blocks,029dbd01e01ea7bbc0e9b38ae5ef970d99c7f080,matrix-org/sydent,scripts/casefold_db.py,,False,0.0,,,,,
too-many-nested-blocks,d2325206b75d159df8074ae2b2639080488f075f,nextgis/nextgisweb,nextgisweb/resource/model.py,,False,0.0,,,,,
too-many-nested-blocks,11ca59304d02b28828b6adc0a63faa93d0118459,pcolmant/repanier,repanier/models/invoice.py,,False,0.0,,,,,
too-many-nested-blocks,127d5ecd3f6620309cbae5c7f34669c265c19ab3,pcolmant/repanier,repanier/views/order_select_ajax.py,,False,0.0,,,,,
too-many-nested-blocks,6da7bfa9017fe726add1c5ce1450adfa0ac58335,pymedusa/Medusa,ext/knowit/utils.py,,True,4.0,,,,,
too-many-nested-blocks,dd96ae7ae7eb2f8ddbaf39fc3b5f0a3141b13281,python-poetry/poetry-core,src/poetry/core/packages/dependency.py,,False,0.0,,,,,
too-many-nested-blocks,e83b4d3a42ebfae198ac07f32e1f8f5cb90adb7a,pytransitions/transitions,transitions/extensions/nesting.py,,True,5.0,,,,,
too-many-nested-blocks,1ad65de92fdf08ed3a17cfc4e0ba99cf20225d93,regardscitoyens/nosdeputes.fr,batch/commission/parse_commission.py,,True,1.0,,,,,
too-many-nested-blocks,be21f7d695902e7373a4d7fa28e810eb9f2648d9,spaam/svtplay-dl,lib/svtplay_dl/service/tv4play.py,,False,0.0,,,,,
too-many-nested-blocks,6ebdf50d71aca0fa3e7713ee7a7a0a91bb8cc688,spaam/svtplay-dl,lib/svtplay_dl/service/tv4play.py,,False,0.0,,,,,
too-many-nested-blocks,9d27fe86d162c92ca55cceafbe0678ee1f1f638c,spaam/svtplay-dl,lib/svtplay_dl/service/tv4play.py,,True,1.0,,,,,
too-many-nested-blocks,99284bf65de50db3f628b3835c219cda90b2bd47,sqall01/alertR,sensorClientFIFO/lib/sensor/fifo.py,,False,0.0,,,,,
too-many-nested-blocks,37a41eb4ab1d8da247302da7c1df162c6fe465d0,stb-tester/stbt-rig,stbt_rig.py,,True,2.0,,,,,
too-many-return-statements,c7fd71254ad39c5c10f13a653ffa7d3de1120f2e,Azure/WALinuxAgent,azurelinuxagent/ga/update.py,,False,0.0,,,,,
too-many-return-statements,d9640788dbf497efa5340f0e9aa2d48f4d3634ee,Catch-up-TV-and-More/plugin.video.catchuptvandmore,resources/lib/channels/fr/mycanal.py,,True,1.0,,,,,
too-many-return-statements,a7e50b1c2a71e458e669f219894f4c96c1296046,DemocracyClub/UK-Polling-Stations,polling_stations/apps/data_importers/management/commands/import_ryedale.py,,True,1.0,,,,,
too-many-return-statements,3d45fda9939a7cdf7adaccfb4276020e1e989024,Giswater/giswater_qgis_plugin,core/shared/search.py,,False,0.0,,,,,
too-many-return-statements,5062aaec014f2f43cb426955960f1c8dee553d9a,GoogleCloudPlatform/gcpdiag,gcpdiag/queries/gce_stub.py,,False,0.0,,,,,
too-many-return-statements,184f4fb28c063a7fdad5022c87c02e5681680c88,MIT-LCP/wfdb-python,wfdb/io/_signal.py,,False,0.0,,,,,
too-many-return-statements,da0c4dc4213bade7f5f7c277ce718319f4a0901b,Maselkov/GW2Bot,guildwars2/worldsync.py,,True,1.0,,,,,
too-many-return-statements,96d7e898cc863a6854cd0870ba4069c8f7d7851b,PyCQA/pylint,pylint/checkers/format.py,,False,0.0,,,,,
too-many-return-statements,41712c88f485132cf2a416dcca29fd9b90b97310,WeblateOrg/weblate,weblate/trans/views/edit.py,,True,1.0,,,,,
too-many-return-statements,1226c5db251da4dc3d2d92ca5128ade6ab33c0fb,WeblateOrg/weblate,weblate/trans/views/edit.py,,False,0.0,,,,,
too-many-return-statements,7aee7b6fb9cef73663fbb327e92d436f88f708af,adbar/htmldate,htmldate/extractors.py,,False,0.0,,,,,
too-many-return-statements,a03d0c49b9fc62e9faa3379ccc5f08717c5e79b7,adbar/htmldate,htmldate/extractors.py,,False,0.0,,,,,
too-many-return-statements,6d032d373971bd68b1df88932690239f7cd5b123,beautify-web/js-beautify,python/jsbeautifier/javascript/beautifier.py,,False,0.0,,,,,
too-many-return-statements,c90470061c775a42b9c7a99840d2a5d436a89407,beautify-web/js-beautify,python/jsbeautifier/javascript/beautifier.py,,False,0.0,,,,,
too-many-return-statements,4079245adbeb98296ce5a660305e7cb52fee8fe9,bobintetley/asm3,src/asm3/publishers/savourlife.py,,False,0.0,,,,,
too-many-return-statements,63bc266de4bada799f4581bba84f2d607c5d9703,corpnewt/CorpBot.py,Cogs/XpBlock.py,,False,0.0,,,,,
too-many-return-statements,f12c218b51953037b037ff439a091022a64ffdba,ewerybody/a2,ui/a2modsource.py,,True,2.0,,,,,
too-many-return-statements,51f4ae23c75dfac83d8d22a6a197a94f126a92d2,fabioz/PyDev.Debugger,_pydev_runfiles/pydev_runfiles_xml_rpc.py,,False,0.0,,,,,
too-many-return-statements,89c9e747e052957de792eef2127b6574db1aa2be,fabioz/Pydev,plugins/org.python.pydev.core/pysrc/_pydev_runfiles/pydev_runfiles_xml_rpc.py,,False,0.0,,,,,
too-many-return-statements,9d903e08588c678e10abb6f5d0b473fdc85d3aa7,globocom/database-as-a-service,dbaas/maintenance/models.py,,True,1.0,,,,,
too-many-return-statements,f5245cea6111a647d6268e376cfb88b0e3252db9,google/report2bq,application/classes/scheduler.py,,True,2.0,,,,,
too-many-return-statements,5075b0825ba34972f87ca7b1f576a7eff37a4117,isard-vdi/isard,api/src/api/views/DesktopsNonPersistentView.py,,False,0.0,,,,,
too-many-return-statements,5075b0825ba34972f87ca7b1f576a7eff37a4117,isard-vdi/isard,api/src/api/views/HypervisorsView.py,,False,0.0,,,,,
too-many-return-statements,5075b0825ba34972f87ca7b1f576a7eff37a4117,isard-vdi/isard,api/src/api/views/VpnViews.py,,False,0.0,,,,,
too-many-return-statements,e259d2a9e9167c58fa75a78d1050dd5dcfde96f4,jumpserver/jumpserver,apps/orgs/middleware.py,,False,0.0,,,,,
too-many-return-statements,8116f18c87fb09d11c1127869d79cbc2fa1c89f0,kizniche/Mycodo,mycodo/utils/pid_controller_default.py,,False,0.0,,,,,
too-many-return-statements,f5d76adb10f371001a8204dd399b73c89d6faa3d,kobotoolbox/kobocat,onadata/apps/logger/views.py,,False,0.0,,,,,
too-many-return-statements,ef51081c8a8e39519287b17c1fadb2edd4c7b141,lowRISC/opentitan,hw/ip/otbn/dv/otbnsim/sim/sim.py,,True,5.0,,,,,
too-many-return-statements,839e62121b4ec6e1dec9c3a0fec824c358e5765d,metabrainz/listenbrainz-server,listenbrainz/db/dump.py,,True,1.0,,,,,
too-many-return-statements,c44a31089cffa818561499796f0c7069acf84cd4,quantumlib/qsim,qsimcirq/qsim_circuit.py,,True,25.0,,,,,
too-many-return-statements,95dba7ff4abc0cba1197dacc30623d76e791ae36,specify/specify7,specifyweb/stored_queries/format.py,,False,0.0,,,,,
too-many-return-statements,7bf4143f77099a8e04e3740979432e766f984d5c,specify/specify7,specifyweb/stored_queries/format.py,,True,1.0,,,,,
too-many-return-statements,ed1567e841935acc4e07edc050fd9cfd9a71f0aa,spesmilo/electrum,electrum/gui/qt/paytoedit.py,,False,0.0,,,,,
too-many-return-statements,649cad0122c877307948d322652955df9f9f1b90,spesmilo/electrum,electrum/gui/qt/paytoedit.py,,True,6.0,,,,,
too-many-return-statements,67ab7f857ac87671578ebb1127ec971d030ec43a,spulec/moto,moto/xray/responses.py,,False,0.0,,,,,
too-many-return-statements,5719d424de732d218ade4670fd0d987b8aad2736,sshuttle/sshuttle,sshuttle/cmdline.py,,False,0.0,,,,,
too-many-return-statements,b93741e530ec56cf556422432c2cd226861ea86e,tensorflow/tensorflow,tensorflow/python/framework/ops.py,,False,0.0,,,,,
too-many-return-statements,6c95675492aa8d25619f5e4ce1674582c051a7fe,tensorflow/tensorflow,tensorflow/python/framework/ops.py,,False,0.0,,,,,
too-many-statements,4106bd35d2c8bd8cf66dff5427d2c7349dc8f45c,CanalTP/navitia,source/jormungandr/jormungandr/scenarios/helper_classes/fallback_durations.py,,True,8.0,,,,,
too-many-statements,5c0f1dfe628eda89226765827dc4aba7c4cafca2,CenterForOpenScience/osf.io,website/views.py,,True,1.0,,,,,
too-many-statements,8d5f2104a68f0dccf18e6469216c35f362b4b9b8,CenterForOpenScience/osf.io,website/views.py,,False,0.0,,,,,
too-many-statements,a80e20067ccbcf7e3ad8f7662451b03c3e2249e6,Cog-Creators/Red-DiscordBot,redbot/__main__.py,,True,4.0,,,,,
too-many-statements,6f5458cf15bbcbf00b33db12bf4b31243217c6c9,CompassionCH/compassion-switzerland,partner_communication_switzerland/models/partner_communication.py,,False,0.0,,,,,
too-many-statements,7ec001cdc4ff0aece5cb50c54f4e6c36d863ee1a,DemocracyClub/yournextrepresentative,ynr/apps/moderation_queue/views.py,,False,0.0,,,,,
too-many-statements,7fd04d2fa53b9d9b1bab043800c81fdcffb24273,DesertBot/DesertBot,desertbot/modules/urlfollow/Imgur.py,,False,0.0,,,,,
too-many-statements,3d425cfe0a87d4fbf85dc624ca5ea0c46b51923d,Fizzadar/pyinfra,pyinfra/api/state.py,,False,0.0,,,,,
too-many-statements,c42cd4772543dc0c3756620c8b407d8dbf2b2ee0,GPflow/GPflow,gpflow/conditionals/util.py,,False,0.0,,,,,
too-many-statements,174939cc3ed4ccbc7a3a0c6ff2c76775775178ed,GPflow/GPflow,gpflow/kullback_leiblers.py,,False,0.0,,,,,
too-many-statements,bab4b0b30526eecaf947c1ff4c5a8b957c03044b,Giswater/giswater_qgis_plugin,core/threads/project_layers_config.py,,False,0.0,,,,,
too-many-statements,dc2d39b66f9b46d49d056a8e9afffb49af606595,GoogleCloudPlatform/gcpdiag,gcpdiag/lint/command.py,,True,2.0,,,,,
too-many-statements,40eef66756c252ae43ad16faa31a4ce404720205,Harmon758/Harmonbot,Discord/cogs/games.py,,False,0.0,,,,,
too-many-statements,f9475c5168592259642adf600f288afae7190dcf,HumanCompatibleAI/imitation,src/imitation/scripts/train_preference_comparisons.py,,False,0.0,,,,,
too-many-statements,da0c4dc4213bade7f5f7c277ce718319f4a0901b,Maselkov/GW2Bot,guildwars2/commerce.py,,True,1.0,,,,,
too-many-statements,da0c4dc4213bade7f5f7c277ce718319f4a0901b,Maselkov/GW2Bot,guildwars2/database.py,,True,1.0,,,,,
too-many-statements,5a7b2bf2174cd9a71b128019b524be7620a5b504,Maselkov/GW2Bot,guildwars2/database.py,,True,4.0,,,,,
too-many-statements,f647dc882d9fb880dd76c7d761c5a29143469cfb,Maselkov/GW2Bot,guildwars2/database.py,,False,0.0,,,,,
too-many-statements,da0c4dc4213bade7f5f7c277ce718319f4a0901b,Maselkov/GW2Bot,guildwars2/wvw.py,,True,1.0,,,,,
too-many-statements,d1ff7ca0fe2e4e42bcfc8d11c7e8f8754fe99ae2,NetworkManager/NetworkManager-ci,run/centos-ci/cico_gitlab_trigger.py,,False,0.0,,,,,
too-many-statements,b5aaa6907a347dc438147a23b9dc7657608922d9,NetworkManager/NetworkManager-ci,run/centos-ci/node_runner.py,,True,2.0,,,,,
too-many-statements,9aa3d2fdad4c8b5058fc9fe1e9cede442c3bbc70,NetworkManager/NetworkManager-ci,run/centos-ci/cico_gitlab_trigger.py,,False,0.0,,,,,
too-many-statements,352662a370b50ab4b0e7f159a395045f1fa01d68,Neutree/COMTool,COMTool/plugins/base.py,,False,0.0,,,,,
too-many-statements,a50839b8cc600c01cfc6aeae7fe62bee91cff1d9,Nic30/hwtHls,hwtHls/netlist/translation/toTimeline.py,,True,1.0,,,,,
too-many-statements,01f91c20e7ec964dc86a4184b4d4b42b2302ee84,Nic30/hwtHls,hwtHls/ssa/translation/toLlvm.py,,False,0.0,,,,,
too-many-statements,4d84224738f64b180dbce0a4c79cf07b8da0a93c,Ouranosinc/Magpie,magpie/app.py,,True,1.0,,,,,
too-many-statements,85eb58732c827a8b909620ee9840a31766119491,Ouranosinc/Magpie,magpie/app.py,,False,0.0,,,,,
too-many-statements,6eeb8d5d793650edf0296fa6cdf59ed41a783c6f,PMEAL/OpenPNM,openpnm/io/_dict.py,,False,0.0,,,,,
too-many-statements,5c791dae9f21dbdc9f7267fc36d41c4400ab6ba3,PMEAL/OpenPNM,openpnm/topotools/_graphtools.py,,False,0.0,,,,,
too-many-statements,100e7073178db699456098857280e0523a1dbec6,StartupsPoleEmploi/labonneboite,labonneboite/scripts/create_index.py,,False,0.0,,,,,
too-many-statements,f4506f9d87ad4c614079720fa49718292d36fe96,StellarCN/py-stellar-base,stellar_sdk/xdr/set_options_op.py,,False,0.0,,,,,
too-many-statements,3adf0f4faef25a0a1656a2ef59b2b62da298b864,StingraySoftware/stingray,stingray/powerspectrum.py,,True,2.0,,,,,
too-many-statements,e20d18eb697c3158e9a6194c77b6ce11c8c72982,acorg/dark-matter,dark/consensus.py,,True,1.0,,,,,
too-many-statements,c77636a76d68ffa1bc7dbd41edc522e523b909b8,acq4/acq4,acq4/modules/DataManager/FileInfoView.py,,True,24.0,,,,,
too-many-statements,4680034660c36e464ad8fe7a839c196b3311cc37,akrherz/pyIEM,src/pyiem/nws/products/vtec.py,,False,0.0,,,,,
too-many-statements,3b95e949641cf892526f5e54ff6a4984642366c3,ccxt/ccxt,python/ccxt/async_support/currencycom.py,,False,0.0,,,,,
too-many-statements,3b95e949641cf892526f5e54ff6a4984642366c3,ccxt/ccxt,python/ccxt/currencycom.py,,False,0.0,,,,,
too-many-statements,961062d7f72dd5b2bee75c013f03d7c0a47291bf,coreboot/chrome-ec,zephyr/zmake/zmake/zmake.py,,False,0.0,,,,,
too-many-statements,63bc266de4bada799f4581bba84f2d607c5d9703,corpnewt/CorpBot.py,Cogs/XpBlock.py,,False,0.0,,,,,
too-many-statements,63bc266de4bada799f4581bba84f2d607c5d9703,corpnewt/CorpBot.py,Cogs/XpStack.py,,False,0.0,,,,,
too-many-statements,63bc266de4bada799f4581bba84f2d607c5d9703,corpnewt/CorpBot.py,Cogs/VoteKick.py,,False,0.0,,,,,
too-many-statements,ceaec27fb83306465e3a453ed37ac87810f78c4f,cpn18/track-chart,gps-pi/gps_logger.py,,False,0.0,,,,,
too-many-statements,330fa5e7581192b978deaca4d08ffea90d72cb25,czcorpus/kontext,lib/conclib/pyconc.py,,False,0.0,,,,,
too-many-statements,392144a1430373c866de0fef445a777debff2cb6,dedupeio/dedupe,dedupe/convenience.py,,True,2.0,,,,,
too-many-statements,d436d6be4744ca7ad00f039a4781a445fb84f3c4,deepmind/acme,acme/jax/losses/mpo.py,,True,2.0,,,,,
too-many-statements,662a3ce7befdc5f3bb17186ca5f9a9d8aa4f522a,deepmind/dm_control,dm_control/autowrap/binding_generator.py,,False,0.0,,,,,
too-many-statements,a28286210141ac9364c929c8d1c00b5974a9646a,demisto/content,Packs/Axonius/Integrations/Axonius/Axonius.py,,True,5.0,,,,,
too-many-statements,9c042e321deba1521eb6a74a0e06a4248db2c34f,dwavesystems/dimod,dimod/sampleset.py,,True,5.0,,,,,
too-many-statements,e0492ac38f1f97210d14e4ccfd1cd841157e0233,ecederstrand/exchangelib,exchangelib/util.py,,True,1.0,,,,,
too-many-statements,9907678f85866a0479302cf16ea8c7bbee347099,ecederstrand/exchangelib,exchangelib/util.py,,True,3.0,,,,,
too-many-statements,f9aada9845b5cb65be3371a8262b206cddb84c4b,edgedb/edgedb,edb/edgeql/compiler/expr.py,,False,0.0,,,,,
too-many-statements,b92f81d5da43da759e44f1e1c6859805873546a4,explosion/spaCy,spacy/pipeline/entity_linker.py,,False,0.0,,,,,
too-many-statements,51f4ae23c75dfac83d8d22a6a197a94f126a92d2,fabioz/PyDev.Debugger,pydevconsole.py,,False,0.0,,,,,
too-many-statements,89c9e747e052957de792eef2127b6574db1aa2be,fabioz/Pydev,plugins/org.python.pydev.core/pysrc/pydevconsole.py,,False,0.0,,,,,
too-many-statements,5df12e3ff80edc99921153b0218eaed0a96deb7c,facebook/fbthrift,thrift/lib/py/transport/THeaderTransport.py,,True,1.0,,,,,
too-many-statements,4f7b38e7970424e4329cb57ab65710291a50f3f7,facebookresearch/ParlAI,parlai/tasks/empathetic_dialogues/agents.py,,True,4.0,,,,,
too-many-statements,224737b9ed38b2423eb298771451e7e6704bc37e,frappe/erpnext,erpnext/accounts/doctype/purchase_invoice/purchase_invoice.py,,True,5.0,,,,,
too-many-statements,fc03a0463c0611c5ed48a878b5c042ce2348e4cd,frappe/erpnext,erpnext/controllers/buying_controller.py,,True,3.0,,,,,
too-many-statements,4b29fb6d08a28f0b399d9e56c25a867b4035d5db,frappe/erpnext,erpnext/stock/stock_ledger.py,,True,1.0,,,,,
too-many-statements,6c29146c9183878a7a08db84cdc8e05a64c88455,frappe/erpnext,erpnext/assets/doctype/asset/asset.py,,False,0.0,,,,,
too-many-statements,a77b8c9fcc1ed7a2a44d2cdf3a3b50c5d8a4366f,frappe/erpnext,erpnext/controllers/buying_controller.py,,True,1.0,,,,,
too-many-statements,561670c802ca9f377a312c8c57edbf783b98d1bb,genialis/resolwe-bio,resolwe_bio/processes/reads_processing/bqsr.py,,False,0.0,,,,,
too-many-statements,561670c802ca9f377a312c8c57edbf783b98d1bb,genialis/resolwe-bio,resolwe_bio/processes/reads_processing/markduplicates.py,,False,0.0,,,,,
too-many-statements,00efe188a1fb361067d3bf73d4ad5885b2cfc453,google/pigweed,pw_watch/py/pw_watch/watch.py,,True,1.0,,,,,
too-many-statements,39dc01d9a832b7661aa06dd3600b052756d3fcf4,google/qkeras,qkeras/qtools/interface.py,,False,0.0,,,,,
too-many-statements,4fcab02e8109896841f160678d7db552ad9dab4f,google/turbinia,turbinia/workers/partitions.py,,True,1.0,,,,,
too-many-statements,76d88fbb1316317a61fa1a63c101bc6f42f23af8,googleapis/python-bigquery,google/cloud/bigquery/client.py,,False,0.0,,,,,
too-many-statements,ab1bb0f928cc12647d1b8300fb10113df49fcf9e,googlecolab/colabtools,google/colab/_shell.py,,False,0.0,,,,,
too-many-statements,8d225b5c1b1da66025e1beaafd512966aed8dc45,guardicore/monkey,monkey/infection_monkey/main.py,,False,0.0,,,,,
too-many-statements,a41d2eb5b1e8d0a25406eb42d11199a37ec17ed6,hildogjr/KiCost,kicost/distributors/dist_local_template.py,,False,0.0,,,,,
too-many-statements,2c635981cfca5353f8d7987071fcb4333ca96626,hildogjr/KiCost,kicost/distributors/dist_local_template.py,,True,1.0,,,,,
too-many-statements,f0aacc140bff272b12d234d598439e44074b67e4,huggingface/transformers,src/transformers/models/marian/modeling_tf_marian.py,,False,0.0,,,,,
too-many-statements,97a375484c618496691982f62518130f294bb9a8,huggingface/transformers,src/transformers/file_utils.py,,False,0.0,,,,,
too-many-statements,81643edda55dcf9e050612dec285f2fd8d8833e2,huggingface/transformers,src/transformers/hf_argparser.py,,True,1.0,,,,,
too-many-statements,f0aacc140bff272b12d234d598439e44074b67e4,huggingface/transformers,src/transformers/models/bart/modeling_tf_bart.py,,False,0.0,,,,,
too-many-statements,f0aacc140bff272b12d234d598439e44074b67e4,huggingface/transformers,src/transformers/models/pegasus/modeling_tf_pegasus.py,,False,0.0,,,,,
too-many-statements,dcd3046f98431168831262419b082cd6f9821068,huggingface/transformers,src/transformers/models/openai/modeling_tf_openai.py,,False,0.0,,,,,
too-many-statements,f0aacc140bff272b12d234d598439e44074b67e4,huggingface/transformers,src/transformers/models/blenderbot_small/modeling_tf_blenderbot_small.py,,False,0.0,,,,,
too-many-statements,5cedfc5d0d433eb1cca666c5c3faa1f62451d8ee,hydroshare/hydroshare,hs_file_types/forms.py,,False,0.0,,,,,
too-many-statements,42f92737ee001179e16d02c6e53d3616de43fd37,hydroshare/hydroshare,hs_file_types/forms.py,,False,0.0,,,,,
too-many-statements,728eedd0e9497dcc23f0171d9ecbc5ef2d9e97fa,isard-vdi/isard,api/src/api/libv2/api_users.py,,False,0.0,,,,,
too-many-statements,2256e9a411b07c1bea908e451fe32193e6feae60,isard-vdi/isard,api/src/api/libv2/api_users.py,,True,1.0,,,,,
too-many-statements,d0ea9310fd387e1714be57ad992c487f87e320ba,isard-vdi/isard,api/src/api/views/DesktopsPersistentView.py,,False,0.0,,,,,
too-many-statements,73f16b09b7032a855cd7c71f115ae25f756dc212,isard-vdi/isard,api/src/api/libv2/api_desktops_persistent.py,,True,1.0,,,,,
too-many-statements,41b0a3704fc9e916294547ea0350a6d37104048a,jeremiah-c-leary/vhdl-style-guide,vsg/rules/constant/rule_014.py,,True,2.0,,,,,
too-many-statements,a0709483e0af5dfe36d592b1c4f78a423428c228,jeremiah-c-leary/vhdl-style-guide,vsg/rules/block_comment/rule_003.py,,True,3.0,,,,,
too-many-statements,3d89bd05e36ad55fba4259f4b118c6c1992e43d1,jim-easterbrook/Photini,src/photini/metadata.py,,False,0.0,,,,,
too-many-statements,a70e5b6c03d72d37dd5abcabee37394f44f63bcd,jim-easterbrook/Photini,src/photini/metadata.py,,True,4.0,,,,,
too-many-statements,da227ca5dd1444c4b9188d9d12531c0141f46e7e,jim-easterbrook/Photini,src/photini/ipernity.py,,False,0.0,,,,,
too-many-statements,cd1fdda41cdc86addae5ddc303f6cf4bc7a26b67,kizniche/Mycodo,mycodo/mycodo_daemon.py,,False,0.0,,,,,
too-many-statements,3d2db9d6f7377d68828d14f7de60a4bc3dfadcde,libAtoms/matscipy,matscipy/calculators/pair_potential/calculator.py,,True,1.0,,,,,
too-many-statements,59e0dabcff5bfd6ec78842444a7363bfce1504bd,ligo-cbc/pycbc,pycbc/inference/models/relbin.py,,True,7.0,,,,,
too-many-statements,11142c548ee91c37c8819a2f5e81b65f78eac873,ligo-cbc/pycbc,pycbc/workflow/tmpltbank.py,,False,0.0,,,,,
too-many-statements,defabdd88036668ed755c785275a4537dc0e0086,ligo-cbc/pycbc,pycbc/workflow/configuration.py,,False,0.0,,,,,
too-many-statements,75a2452b170e23caeb5e7d3e56496937c68b645a,lowRISC/opentitan,hw/top_englishbreakfast/util/prepare_sw.py,,True,3.0,,,,,
too-many-statements,8a597efba27900d8d8fd633c0557dd2d56f8835c,lutris/lutris,lutris/gui/lutriswindow.py,,True,4.0,,,,,
too-many-statements,992f4e27bc3554971c172407e25c8018d9a1d3cb,lutris/lutris,lutris/gui/lutriswindow.py,,False,0.0,,,,,
too-many-statements,09996f092120799a38d51a72d4e0aef7a72faab6,lutris/lutris,lutris/gui/lutriswindow.py,,False,0.0,,,,,
too-many-statements,00bbe32b0934025090898843fcb50aa1a5b52f64,lutris/lutris,lutris/gui/lutriswindow.py,,False,0.0,,,,,
too-many-statements,da61ff508c22c4626412201722a7da08a6a4aabc,lutris/lutris,lutris/gui/lutriswindow.py,,False,0.0,,,,,
too-many-statements,0e601a6e31880ee40864aa2248372ce5c8cf2208,lutris/lutris,lutris/gui/lutriswindow.py,,True,8.0,,,,,
too-many-statements,7224318592266dd305c62b3d785e726358cba186,lutris/lutris,lutris/gui/lutriswindow.py,,True,5.0,,,,,
too-many-statements,70657d08ff2a60badf2b99ec0475ce7cef54a278,mariolukas/FabScanPi-Server,src/fabscan/scanner/laserscanner/FSCalibrationActor.py,,True,2.0,,,,,
too-many-statements,7754af24ab163a3666bc04c7df409e59ace0d763,matrix-org/synapse,synapse/federation/federation_client.py,,True,1.0,,,,,
too-many-statements,8ef324ea6f1390876940989eacc8734fe0d15582,matrix-org/synapse,synapse/push/bulk_push_rule_evaluator.py,,False,0.0,,,,,
too-many-statements,a7304adc7d383caad1b3f83fa707b1090323ecca,matrix-org/synapse,synapse/handlers/federation_event.py,,True,1.0,,,,,
too-many-statements,0eb3ef684ef65fa7743d55ecd31b159a0ac2bd3f,metabrainz/listenbrainz-server,listenbrainz/listenstore/timescale_utils.py,,True,2.0,,,,,
too-many-statements,5387316b1e8fc0d31bc52993885f2ae77f774463,mne-tools/mne-python,mne/decoding/base.py,,False,0.0,,,,,
too-many-statements,280efd2d726aa589b8656031f3453d0a7903e1ff,mongodb/mongo-python-driver,pymongo/message.py,,False,0.0,,,,,
too-many-statements,7f4c504560e28e5255c834f8e638c585ed764b83,mongodb/mongo-python-driver,pymongo/command_cursor.py,,False,0.0,,,,,
too-many-statements,0b2db818d2eb0a520b8ccb6d9b265f40f00f21c0,mupif/mupif,mupif/pyroutil.py,,False,0.0,,,,,
too-many-statements,8d3027821ffb730d253933d9b1581530100fcfcc,numba/numba,numba/cuda/compiler.py,,False,0.0,,,,,
too-many-statements,3ca89082423ff281cf3318cd1ad28bbedd3f8df0,openego/eDisGo,edisgo/edisgo.py,,True,1.0,,,,,
too-many-statements,7abe3cefd204b0cbafb474719737fb54e12feff9,openturns/otfmi,otfmi/function_exporter.py,,False,0.0,,,,,
too-many-statements,8bf17962ea46f5db7a2cb201f6202f9569870889,oppia/oppia,core/domain/collection_domain.py,,False,0.0,,,,,
too-many-statements,70a2caded62e12ff8ecd97b67d0ea2f89c16b60d,pantsbuild/pex,pex/tools/commands/venv.py,,False,0.0,,,,,
too-many-statements,c6c13bb70ec43c52477d7ea990e50f79e41dd6ee,pauliacomi/pyGAPS,src/pygaps/core/modelisotherm.py,,False,0.0,,,,,
too-many-statements,e2516fbf1496b3992f58336b043f841843179e9a,pcolmant/repanier,repanier/models/invoice.py,,True,1.0,,,,,
too-many-statements,a1fa3e90d768201af8b5589005b5caf81273dabc,pymedusa/Medusa,medusa/server/web/config/general.py,,False,0.0,,,,,
too-many-statements,7bed77f2526dc5b9fde4870e035b7a64a3e81448,python-control/python-control,control/xferfcn.py,,False,0.0,,,,,
too-many-statements,e2f76df5e6ae2f562a8040ad33f1ea40838994d3,python-control/python-control,control/xferfcn.py,,False,0.0,,,,,
too-many-statements,0904607b405185a37acb34e77f6d2fe597927e8e,python-poetry/poetry-core,src/poetry/core/_vendor/lark/parsers/lalr_parser.py,,True,11.0,,,,,
too-many-statements,806855bf660ea748ed7ffb42fe8dcc881ca3aca0,pytorch/fairseq,fairseq/models/transformer/transformer_decoder.py,,False,0.0,,,,,
too-many-statements,e83b4d3a42ebfae198ac07f32e1f8f5cb90adb7a,pytransitions/transitions,transitions/extensions/nesting.py,,True,5.0,,,,,
too-many-statements,56991324e0377bef2b3fce3241382fae5487add3,pytransitions/transitions,transitions/extensions/nesting.py,,False,0.0,,,,,
too-many-statements,092279e90def90c071f9efb63e66c763139e5d8f,qgis/QGIS,python/plugins/processing/gui/BatchAlgorithmDialog.py,,True,3.0,,,,,
too-many-statements,c36971066772a97a7faa2c47a2c755f4005ba527,qgis/QGIS,python/plugins/processing/gui/BatchAlgorithmDialog.py,,False,0.0,,,,,
too-many-statements,185172a946d31292b98ecc18a1be54d68d5f3b87,qgis/QGIS,python/plugins/processing/gui/BatchAlgorithmDialog.py,,False,0.0,,,,,
too-many-statements,660d313110b9a58149079673687ebbcf9639b083,rackerlabs/django-DefectDojo,dojo/tools/scout_suite/parser.py,,True,2.0,,,,,
too-many-statements,878ef9c777ba5acd4793791944c24b699b748b4d,rackerlabs/django-DefectDojo,dojo/user/views.py,,False,0.0,,,,,
too-many-statements,c12e6b387f28356e91aa9338389dfb7325dfdc24,radiasoft/sirepo,sirepo/sim_data/radia.py,,True,1.0,,,,,
too-many-statements,19801b2bd3c4d46c4ac05e14d48e6c462588ff0e,rapydo/do,controller/commands/reload.py,,False,0.0,,,,,
too-many-statements,19801b2bd3c4d46c4ac05e14d48e6c462588ff0e,rapydo/do,controller/commands/install.py,,False,0.0,,,,,
too-many-statements,4f86b5b5234a941d9572441a9637c3b959c629a1,ray-project/ray,python/ray/autoscaler/_private/monitor.py,,False,0.0,,,,,
too-many-statements,a322ac463c9c04f3ce99d943f7c84590ac4cd1f4,ray-project/ray,rllib/evaluation/worker_set.py,,False,0.0,,,,,
too-many-statements,56bab61fba44ec051befaca705fdca9ece70b745,ray-project/ray,python/ray/remote_function.py,,False,0.0,,,,,
too-many-statements,dcb386d36e2ecc5ca0919c522f469135e263d642,rhinstaller/anaconda,pyanaconda/payload/dnf/payload.py,,True,2.0,,,,,
too-many-statements,19fa2532125d15d64503e97b1d1ce39e8f2a8fca,rhinstaller/anaconda,pyanaconda/ui/gui/spokes/welcome.py,,True,1.0,,,,,
too-many-statements,c709f4c5892ad8bdb8de18c6c740b5ce18959e69,riga/law,law/contrib/lsf/workflow.py,,False,0.0,,,,,
too-many-statements,c709f4c5892ad8bdb8de18c6c740b5ce18959e69,riga/law,law/contrib/htcondor/workflow.py,,False,0.0,,,,,
too-many-statements,123285e1b5acd5ae98052812d73236385fce8375,scalyr/scalyr-agent-2,scalyr_agent/util.py,,False,0.0,,,,,
too-many-statements,4c89b3b4f69fc8abf4715b96137aa022674c80e4,scikit-learn/scikit-learn,sklearn/neighbors/_nearest_centroid.py,,False,0.0,,,,,
too-many-statements,7ca7b78b59aa1f4f173c2501780e3f973d13d16b,sequana/sequana,sequana/modules_report/kegg_enrichment.py,,True,3.0,,,,,
too-many-statements,15bb1f1af9c56ecfcdf00d9048b32283e78620f0,sergey-dryabzhinsky/dedupsqlfs,lib-dynload/_recordclass/lib/recordclass/dataclass.py,,False,0.0,,,,,
too-many-statements,124e20a89eaa2d5fa592dca0c256bdb2fb8914eb,shengqh/ngsperl,lib/scRNA/enclone_to_clonotype.py,,True,7.0,,,,,
too-many-statements,1108dd6fcf03d3140f5366365f760c9d7e9e2f5a,sissaschool/xmlschema,xmlschema/validators/identities.py,,True,4.0,,,,,
too-many-statements,34a06cc4b5a95b20b7e423d29ccf41a74f804989,sissaschool/xmlschema,xmlschema/validators/identities.py,,False,0.0,,,,,
too-many-statements,a4f5cfc91a8904c8fb9c2c60fc06a1cd1b6f5227,spesmilo/electrum,electrum/trampoline.py,,True,3.0,,,,,
too-many-statements,2535ae18cfdfc1d6f4597989e7cc968c065a96c1,sqall01/alertR,sensorClientPing/lib/sensor/ping.py,,False,0.0,,,,,
too-many-statements,99284bf65de50db3f628b3835c219cda90b2bd47,sqall01/alertR,sensorClientFIFO/lib/sensor/fifo.py,,False,0.0,,,,,
too-many-statements,2d9d0bda2d83353c700bb23cc1dae32b4aeb488e,stb-tester/stb-tester,_stbt/imgutils.py,,True,2.0,,,,,
too-many-statements,60e7c7b541e61e756dbaf7c9051e3dd0c9dd116e,tensorflow/similarity,tensorflow_similarity/evaluators/memory_evaluator.py,,True,4.0,,,,,
too-many-statements,2f068c31f44813a48086cb44a9aea6dae5273371,tensorflow/tensorflow,tensorflow/python/data/ops/multi_device_iterator_ops.py,,False,0.0,,,,,
too-many-statements,e8d8c8de81c7e5f98878c2953c39f968daace5b1,tensorflow/tensorflow,tensorflow/python/framework/ops.py,,True,2.0,,,,,
too-many-statements,978a07bc7980e7198aedf485ec42912088f1d032,tensorflow/tensorflow,tensorflow/python/framework/ops.py,,True,2.0,,,,,
too-many-statements,b58e4a1e7898876aeb176cfc6de6110a0d3dd25f,tgbugs/pyontutils,ttlser/ttlser/ttlfmt.py,,False,0.0,,,,,
too-many-statements,0b8f6b0c379b82d899fc54dab02159538267fb32,ufo-kit/concert,concert/session/utils.py,,False,0.0,,,,,
too-many-statements,0d8ad857bf9bcf11fe64c1b814bb4040a54e5a8e,wagtail/wagtail,wagtail/admin/views/pages/search.py,,True,1.0,,,,,
too-many-statements,9d584a20dcc1bd91d267a86af480325b338e07f0,wagtail/wagtail,wagtail/admin/views/pages/edit.py,,True,1.0,,,,,
too-many-statements,d554cbe3103028094e095b4512323ca2967aca4a,wagtail/wagtail,wagtail/admin/views/pages/search.py,,True,5.0,,,,,
too-many-statements,ff26a5726467dbabff7a37af09c79f6dc7a76198,walles/px,px/px_top.py,,True,1.0,,,,,
too-many-statements,9b5f4540c453e5d5417e7060f664195b60938e57,wikimedia/pywikibot-core,pywikibot/proofreadpage.py,,False,0.0,,,,,
too-many-statements,eb99230f03a1158b884edb1902fa974daf89861c,wikimedia/pywikibot-core,scripts/fixing_redirects.py,,False,0.0,,,,,
too-many-statements,f75d10d8ce99214e8fa1903e9b6d02eb82546b22,wingtk/gvsbuild,gvsbuild/utils/simple_ui.py,,True,1.0,,,,,
too-many-statements,82d6522b2866e65998d1854dbfb5d45be351816a,xupingmao/xnote,app.py,,True,1.0,,,,,
too-many-statements,bc387815bfd9920d658725856819a8b584aff59e,xupingmao/xnote,app.py,,False,0.0,,,,,
too-many-statements,dc6b51a52d8216d99a4f1650a96434c7816ec385,zephyrproject-rtos/zephyr,scripts/logging/dictionary/log_parser.py,,True,1.0,,,,,
too-many-statements,caa5b9365da62722333c0162de07aec2314769bb,zynthian/zynthian-ui,zyngui/zynthian_gui_controller.py,,True,1.0,,,,,
